Method,nDCG,Delta,%,MRR,P,R,F1,MAP,doc_min_sim,doc_topk,used_dim,explained_variance,n_doc_links,linked_docs
"dense@100>>KG(SVD sim-only @512,alpha=0.30,docmin=0.45,doctopk=15)->@50",0.6467818491120564,0.146185759926743,29.202337590101934,0.9041666666666667,0.5613333333333334,0.4813521293873053,0.518275174933492,0.41051449808164653,0.45,15,512,0.7728558778762817,40997,2800
