Method,nDCG,Delta,%,MRR,P,R,F1,MAP,beta
"dense@100>>Hybrid(KG+BGE,beta=0.55)->@50",0.6699604301022802,0.16936434091696684,33.83253376841117,0.9407407407407408,0.5760000000000001,0.49250710644138773,0.5309914957047609,0.43493074929962366,0.55
