system_a,system_b,mean_ndcg@50_a,mean_ndcg@50_b,mean_diff(a-b),wins,losses,ties,p_ttest,p_wilcoxon,p_randomization
Hybrid(KG+BGEGemma),"KG(SVD sim-only @512, alpha=0.30)",0.6699604301022801,0.6467818491120564,0.023178580990223706,11,3,1,0.02659351557358478,0.021943664659377988,0.018599070046497676
Hybrid(KG+BGEGemma),BGEGemma,0.6699604301022801,0.5998643114274043,0.07009611867487582,12,2,1,0.0030942238174142002,0.004285695299481487,0.0027498625068746564
Hybrid(KG+BGEGemma),ANN@100->@50,0.6699604301022801,0.5005960891853134,0.16936434091696675,13,2,0,1.7138602567611785e-05,0.00030517578125,0.0002999850007499625
Hybrid(KG+BGEGemma),CrossEncoder,0.6699604301022801,0.46511932097531933,0.2048411091269608,15,0,0,7.4740468392620255e-06,6.103515625e-05,4.999750012499375e-05
