name,nDCG@50,MRR@50,Prec@50,Recall@50,F1@50,MAP@50
dense@100>>BGEGemma(rescore)->@50,0.6007913255576298,0.9111111111111111,0.5186666666666667,0.45214576212606994,0.4831271795335772,0.3667442637375026
ANN@100->@50,0.5005960891853134,0.7944444444444444,0.46266666666666656,0.4113092578171019,0.4354790056620452,0.273426672340607
