system_a,system_b,mean_a,mean_b,delta,wins,losses,ties,p_rand,p_t,p_w
"KG(SVD sim-only @512, alpha=0.30)",ANN@100->@50,0.6467818491120564,0.5005960891853134,0.14618575992674304,14,1,0,0.00034998250087495624,7.33793610935143e-05,0.00030517578125
"KG(SVD sim-only @512, alpha=0.30)",CrossEncoder,0.6467818491120564,0.46511932097531933,0.18166252813673714,14,1,0,0.00024998750062496874,0.00015266797393664037,0.00030517578125
"KG(SVD sim-only @512, alpha=0.30)",BGEGemma,0.6467818491120564,0.5998643114274043,0.046917537684652115,9,5,1,0.07299635018249087,0.07185261996827766,0.10942115881922926
