Method,nDCG,Delta,%,MRR,P,R,F1,MAP,alpha
"dense@100>>KG(SVD sim-only @512,alpha=0.30)->@50",0.6467818491120564,0.146185759926743,29.202337590101934,0.9041666666666667,0.5613333333333334,0.4813521293873053,0.518275174933492,0.41051449808164653,0.3
